claim_id,statement,assumptions,models,artifacts,sources,whitepaper_refs
C-001,Reference compact-object mass of 10 solar masses implies Schwarzschild radius around 29.5 km.,A-102:Reference compact object mass,models.claim_calculations.compute_claim_values,artifacts/claim_values.json | artifacts/claims_table.csv | artifacts/claims_report.md,S-001:Whitepaper quantitative scope statements | S-003:SI exact speed of light | S-005:Schwarzschild radius formula,paper/whitepaper.md:47
C-002,Perihelion radiative load at 0.10-0.05 AU is approximately 0.14-0.54 MW/m^2.,A-101:Solar irradiance baseline at 1 AU,models.claim_calculations.compute_claim_values,artifacts/claim_values.json | artifacts/claims_table.csv | artifacts/claims_report.md,S-001:Whitepaper quantitative scope statements | S-004:Solar irradiance engineering baseline,paper/whitepaper.md:49 | paper/whitepaper.md:113
C-003,Near-parabolic inbound architecture with q=0.05-0.10 AU and delta-v=2-3 km/s yields asymptotic speed around 23-34 km/s.,A-103:Two-body heliocentric closure | A-104:Impulsive perihelion burn approximation | A-105:Near-parabolic inbound baseline,models.claim_calculations.compute_claim_values,artifacts/claim_values.json | artifacts/claims_table.csv | artifacts/claims_report.md,S-001:Whitepaper quantitative scope statements | S-006:Solar gravitational parameter,paper/whitepaper.md:26 | paper/whitepaper.md:48
C-004,Conditional inbound-energy scenarios can raise asymptotic speed into the 35-45 km/s class.,A-103:Two-body heliocentric closure | A-104:Impulsive perihelion burn approximation | A-106:Conditional inbound energy uplift,models.claim_calculations.compute_claim_values,artifacts/claim_values.json | artifacts/claims_table.csv | artifacts/claims_report.md,S-001:Whitepaper quantitative scope statements | S-006:Solar gravitational parameter,paper/whitepaper.md:27 | paper/whitepaper.md:48
C-005,Transverse correction scale for D~1560 ly and v_infinity=23-45 km/s is about 0.25-0.45 m/s for R_int=1000 AU and 0.025-0.045 m/s for R_int=100 AU.,A-107:Small-angle transverse leverage linearization | A-108:Reference distance anchor,models.claim_calculations.compute_claim_values,artifacts/claim_values.json | artifacts/claims_table.csv | artifacts/claims_report.md,S-002:Whitepaper trajectory leverage statements | S-007:Astronomical unit and light-year conversion constants,paper/whitepaper.md:87 | paper/whitepaper.md:91
C-006,Time-of-flight at D~1560 ly remains multi-Myr: around 13.8-20.3 Myr for 23-34 km/s and 10.4-13.4 Myr for 35-45 km/s.,A-108:Reference distance anchor,models.claim_calculations.compute_claim_values,artifacts/claim_values.json | artifacts/claims_table.csv | artifacts/claims_report.md,S-001:Whitepaper quantitative scope statements | S-007:Astronomical unit and light-year conversion constants,paper/whitepaper.md:77
C-007,"Pu-238 decay leaves roughly 92% power at 10 years, 67% at 50 years, and near-zero fractions by 1000 years.",A-109:Radioactive-only RTG decay envelope,models.claim_calculations.compute_claim_values,artifacts/claim_values.json | artifacts/claims_table.csv | artifacts/claims_report.md,S-001:Whitepaper quantitative scope statements | S-008:Pu-238 half-life decay constant,paper/whitepaper.md:51 | paper/whitepaper.md:120
C-008,"Ground validation for shielding is limited to a facility-relevant hypervelocity regime, with higher relative-speed regimes handled as extrapolation risk.",A-111:Hypervelocity validation window for ground tests,models.claim_calculations.compute_claim_values,artifacts/claim_values.json | artifacts/claims_table.csv | artifacts/claims_report.md,S-010:Whitepaper hypervelocity validation framing,paper/whitepaper.md:107 | paper/whitepaper.md:188
C-009,Program options are framed as O(10^8) and O(10^9) USD classes (assumption-dependent placeholders).,A-110:Cost classes are order-of-magnitude anchors,models.claim_calculations.compute_claim_values,artifacts/claim_values.json | artifacts/claims_table.csv | artifacts/claims_report.md,S-009:Whitepaper cost-class framing,paper/whitepaper.md:39 | paper/whitepaper.md:40 | paper/whitepaper.md:162 | paper/whitepaper.md:165
